2.715613617,0.226692625,2.821918446,0.853170379,2.705150233,1.510348098,0.438190326,0,0,1.303079075,1.820246842,4.00924016,2.556976422,3.475125719,1.947514269,1.261645782,4.515928001,0,3.871584139,2.567411236,1,0
0,0.812395719,5.057526757,0,3.030776246,0.670891482,2.461888763,2.047184258,0.778259515,0.287569844,2.945924027,2.201841668,2.791015594,2.087288105,3.331392933,1.223409038,2.589844588,0.206982739,3.467075841,2.453530784,1,0
0.028185928,1.160892368,4.917457638,0,2.130112894,1.99936543,0,3.519036049,1.279517886,1.045438277,2.432832792,2.388995424,2.088422567,3.871226426,2.008753266,1.612273615,2.73793451,0.879491009,3.424893632,4.544002526,1,0
1.254844695,3.254697681,4.403165798,0,2.956105466,0,2.041037722,1.315529639,1.953244202,0.010983672,2.172472116,3.840068518,1.731019364,3.959771193,2.494203338,0,1.94453575,2.374451343,2.919968227,3.229256799,1,0
0,0.476757064,3.446451171,0,2.383837922,2.649017113,2.873411615,0.639933744,2.493743592,0.939179911,1.794076436,2.176670112,2.73135306,3.172691641,1.650603937,0.799056612,2.797815487,0,3.229403674,4.399909478,1,0
0,1.213889294,5.356713477,0.053147276,2.533875988,0.127789267,2.347682344,0.60102556,0,0.171175289,2.050874227,3.716347699,3.222752533,3.699672884,2.61782309,2.871019437,2.723617719,0.209781959,3.005862999,4.531962643,1,0
1.342846744,0.213176385,4.085989679,0,3.156663319,0.866696849,4.012699335,0.866118117,0,1.795302654,2.136106536,3.739479512,2.622171758,3.082671312,2.869912218,1.079328401,3.84440562,0,2.626938364,2.736933599,1,0
1.33205553,0.418489518,3.653399374,0,3.676575447,0,3.380277659,1.096321344,0.93444479,0.831746248,0.823932877,3.525745571,2.837211991,1.806675868,1.243608925,0.531170295,0.139445884,2.747763047,3.130133701,2.37434857,1,0
0.210431835,1.242451454,0,4.675273233,3.099136521,0.044863512,1.969678174,1.435623858,0,1.78730618,2.11555032,2.604125238,2.338328579,3.478383535,2.662797845,1.367032207,3.267015064,0.953983847,3.037291371,2.694593875,1,0
1.561640043,0.22476867,5.139427129,0,2.258325526,0.487682167,2.555127909,0.793203152,1.515919588,0.51764519,3.016876273,1.119662867,3.56109246,0,2.84223732,1.901133814,2.389560995,0,3.624051619,4.723001874,1,0
0.954167053,1.15997774,6.034188031,0,3.752185235,0,2.99523721,1.719734389,0,0.897201362,0.260641641,4.048795051,2.719406141,2.552169945,1.168711981,0,2.780983232,2.230767416,3.547734257,3.395635862,1,0
1.452323164,1.98979933,3.944589409,0.256010456,2.833232012,0.618264878,2.775154835,0.238563255,0,0.761572444,0,2.257488179,1.335287248,3.520299738,2.622091338,0.611285682,3.352274629,2.11410503,3.65214884,2.582082262,1,0
0,2.56221516,4.236195592,0,2.025513896,0.884581567,2.798169822,1.114363164,0,0.623106317,2.018521433,0,2.810542013,3.538122556,1.897484699,0,2.812421612,0,3.5493562,1.040926334,1,0
0,0.485318646,5.776687651,0,3.006407146,0,3.965743636,1.637078283,1.978066116,0.788975377,1.432487687,2.657010614,3.02256524,3.205391403,2.34797523,1.176356968,2.706142375,0.881029187,3.260123781,3.714481421,1,0
1.429514785,0.386740138,5.104881219,0,2.551405333,0,2.391215242,1.474600269,0,0.674427321,3.309590601,3.491386902,2.935225703,2.558664262,2.601936318,1.170802706,3.490685846,0,2.844316372,4.482229958,1,0
3.252664536,0.708658549,3.24566282,0,1.779503784,0,1.796737599,0.515848753,1.470232222,1.629643505,2.183241907,0,2.154793086,2.760656267,2.54866008,1.347452502,3.697913468,0,3.242295674,4.093272367,1,0
0,1.8088882,4.352318627,0.873598739,2.238730477,0.207487079,3.086837772,2.419286249,0,1.072042387,2.076316957,2.558326776,3.73571203,2.13936371,1.951253217,1.043460238,3.392009581,0,3.79483878,1.660552023,1,0
1.609857216,0.597743288,4.451106836,0,2.671154046,0.206655506,2.489601503,2.526574031,0,1.781813803,2.533817215,3.696814036,3.743139871,3.385576621,1.787756435,2.796590555,2.466460896,0,3.420058394,4.13767226,1,0
0.13478505,1.614465033,0.937442405,0.256644559,2.532790882,1.022527859,2.072845804,0.285638285,0.979389126,0,0,2.918350947,2.494043353,2.217545781,2.374198137,1.858541748,3.309658889,1.710660305,3.753821128,3.17588187,1,0
0,2.5435654,2.521381882,0,2.494905909,0.764716156,1.722318336,1.286900796,1.132994595,0.274898396,2.314137798,1.398771292,3.117185238,2.298474466,2.348310469,0.098807001,3.290729168,0.758830777,3.645607969,2.074645201,1,0
0,0.461836268,3.410110385,0.468108969,4.19589765,0,2.269483329,0.865698693,1.069293543,0.433126614,2.337842597,1.811284435,2.611197431,3.313511519,2.58897441,0.148394493,2.540155296,0,3.810568471,2.867885647,1,0
1.814229705,1.314242984,3.592303056,0,3.097885529,0,3.616517906,1.206639368,0,0.780213319,0.623302043,1.405139415,2.335139018,2.194339382,2.305524178,1.174583158,3.887721794,0,3.742868394,4.353464519,1,0
1.159671443,0.616774011,3.790404095,0,2.652573333,0,2.722990695,2.377032225,0,0.331723648,2.24015961,1.449937895,3.391777339,0.100482357,2.235773861,2.437454372,3.804421654,2.366463746,3.638635356,2.612665202,1,0
1.19127051,0.153209074,5.161825114,0,2.721605129,0,3.829579942,0.955135722,1.173751822,1.081327408,2.456919486,3.963920111,2.02766303,2.382590969,1.618528316,1.503211762,3.423945664,0,3.58104457,1.819950897,1,0
2.399490632,0.426998177,4.398902378,0,1.961997651,0.637945682,2.848711847,1.293991047,0.540461601,1.556203091,0.193293551,1.68385216,2.419464745,3.800009421,2.646494577,0,4.28143568,2.578917651,4.19065218,1.681554932,1,0
0.918470568,1.038062052,0,0.034526274,2.836149985,0,2.818697884,1.14098162,0.369462209,4.388384433,2.764193046,3.218327324,2.235922269,1.472882899,2.283487028,0.862349245,2.713941516,0,3.867151417,3.584710714,1,0
1.023405721,0.098106941,3.448424786,0,2.243273921,0,2.679708269,1.115383787,0.131716982,0.392634605,1.473623619,4.043824021,0.428361982,2.215190104,1.16354916,2.291530816,2.330947333,0,3.11329317,2.087015952,1,0
0.991015326,0.160186163,4.001175169,0,4.310640899,0,2.622144728,1.024178067,1.510111953,0.874125903,2.294254476,1.102180217,1.498577091,1.769667947,2.743738755,1.318026965,1.867628943,0,3.616330607,4.692783752,1,0
4.791021963,0.163350108,3.889843706,0,3.33505025,0,2.601648024,0.850249868,0.924753747,3.533223003,2.565344129,2.571177909,1.616386168,0.677998224,2.095292913,1.731173768,3.873166682,0,3.538834258,3.307047241,1,0
0,0.301187778,0.648285469,0,3.269449558,0.415742962,2.345553113,2.231349162,1.352729076,2.537620427,1.946393482,3.113234198,3.870694051,3.244071836,2.628244728,1.383901884,3.407948549,0,3.760158981,4.075184278,1,0
0,1.51989034,4.591720425,5.486272324,3.194200087,0,4.119756509,2.782463881,1.674463788,1.772710433,0.426579166,3.468189376,0.219801055,2.183734815,1.654115915,0.287357627,0.708439129,0.613727203,3.088422592,4.063326671,0,1
0.544284141,3.416509441,5.575539816,0,2.894672218,0,3.898998474,4.428485804,1.193130981,0.633498954,1.797919982,0.688572155,2.884669996,1.362642516,2.625773831,1.173108314,1.753219553,0,3.357647071,2.381462034,0,1
2.258615611,2.556860863,0,0,2.473300919,0.2689505,3.978841357,0.853571858,0.673410386,1.555921486,2.884912596,2.211276315,0,0.091304897,1.922100644,2.597749241,2.390123861,0,3.920835985,2.210974154,0,1
1.132817816,1.087472514,3.92252425,0,2.69473729,1.863015268,4.765441764,4.175298013,0,0.764120062,2.611740295,2.204100767,2.315820533,1.996978189,2.683773526,2.879319653,1.8874337,0.521357909,3.080519287,1.932585064,0,1
3.700261932,0.325518953,3.371934014,0,3.996328589,0,3.92316197,0.986569661,0,1.440386249,1.824243016,2.80417685,2.791829376,2.913934336,2.409572953,3.194132709,1.56882317,0,3.587079399,2.53020679,0,1
0.113710477,0.844067357,4.207927407,4.510816092,0.873515762,1.729390169,0,3.13054453,0.913639949,0.677390943,2.577108065,0,2.244072752,3.79157296,2.154221285,1.478350426,2.667146217,2.665061456,2.175601008,4.080798542,0,1
1.121492679,0.897851215,4.785907529,4.892232965,3.534879666,0,3.504062819,0.330210074,1.818171199,2.58381247,2.584318922,3.392590146,2.75779589,2.326419644,2.787057391,0.432187112,0.03625334,0,3.492889413,2.632926908,0,1
2.202727716,1.081689856,5.21174185,4.109136875,2.993739533,0.106827266,2.325780738,0.466445138,0,2.298740977,3.177094149,2.110825198,2.552534622,2.375204,1.725177125,1.503099864,4.077398343,0,3.40365891,3.80448927,0,1
1.636384294,0.974163071,4.286964199,0,2.977820937,0.852960422,3.293970171,0.955438302,0,3.625915428,2.875887678,4.004950278,2.651495216,2.469312436,1.762307367,1.36687502,2.190150403,0,3.036149787,1.547379332,0,1
1.345908814,0.771574294,0,0,1.381550677,1.150701109,4.064527225,3.130706039,1.197969401,2.52658343,2.417011121,2.379554773,2.637193964,3.234621488,2.364283986,2.756541459,3.559705657,0.020199421,3.773331084,4.699833418,0,1
0,2.778402663,4.557094638,0,1.895145647,1.204130443,2.437096145,3.062061005,1.468403412,1.167301216,0,1.558679066,1.877355083,2.459697717,2.27270743,0.430558765,2.310495889,0.572390452,3.653538852,2.098832102,0,1
1.719731539,0,3.489832007,0,1.752285604,0,2.861006555,0.613462948,1.532534844,1.198026,2.726203348,0,3.34507274,0.643006105,1.2543182,2.474984215,4.066025643,0,4.25426143,1.620332555,0,1
0.262342449,0.54188257,5.237385634,0.271064484,2.360536004,0.597267551,4.250724932,1.091055414,1.336238667,1.195619517,1.759788989,1.418740935,2.232447793,2.434708043,0.745175856,3.33239654,4.238203852,1.324910775,3.945600968,1.601090645,0,1
0.195611012,1.835584442,3.911020223,0,2.879063044,4.130818804,2.340536015,0.362267876,0,1.541306233,3.158270493,2.189954037,0,0.975230986,1.103110439,0.902549271,3.980598502,0,2.606793143,2.161075707,0,1
1.862356031,3.680371366,4.502542215,0,2.386856488,0.234437676,3.164378915,0.678361521,1.357797618,1.975234931,2.512469118,3.285293711,3.087585545,2.114514672,2.220917292,0.105354807,3.402171831,0,3.280904602,4.13567951,0,1
4.584598434,0.496726692,4.444059557,0,2.32153977,0,2.63229782,1.969047953,0,0.219949506,1.519185774,0,2.454670363,1.908203744,1.331906884,0,2.309796321,0.087453258,2.777181074,0.870658142,0,1
0,0.217541735,4.301383546,0,0,0.238480523,4.035705199,0.700180632,3.082672179,0.774719649,2.68209801,1.955775174,2.175055701,0.694100573,1.866835403,3.221441783,2.716701442,0,3.800498613,3.099743192,0,1
1.966906417,0,2.850541692,0,3.873774202,0.70871897,3.798730634,0.524356979,1.130908985,1.237833183,1.111105573,3.72106355,2.412252226,3.796578335,2.481646341,4.339906549,3.883831082,0,3.578105514,4.481536262,0,1
0.729733115,2.134180171,5.00522568,0,3.632107872,0,1.583496716,1.271721744,1.366171577,1.165370762,2.187308979,3.283020288,2.911185316,4.404833212,1.934114817,1.247241105,3.100817072,0,3.765049775,1.003454276,0,1
0,0.463534917,3.104922398,0,1.496474659,3.253012903,1.84047667,3.501975952,0,1.438652983,1.98783601,2.467788276,0.266519388,1.834855374,1.179622952,0.740686367,2.237257481,0,4.033153996,2.563235976,0,1
1.227254196,0.125411031,5.287022792,3.418729325,2.253590478,1.547028272,3.150363923,0.50742927,1.911880671,1.299375186,2.331631671,3.055244775,2.984757675,2.133736575,2.789605018,0.962036242,4.392860464,0.267052979,3.45578812,2.596328042,0,1
1.911547388,0.356235347,2.701361204,0,2.703901511,1.073405219,2.420590675,0.382270908,1.580799188,3.278396186,2.103992442,2.924124596,2.301309926,2.700924844,1.98161425,2.070421295,0,0,0,2.942134723,0,1
3.666823245,3.535503996,5.575191518,0,2.305931703,0,0.03001212,0.211327655,1.495409879,1.317025914,1.691335944,3.763831643,1.785674679,3.405419637,2.549730935,0.635854519,4.544211475,2.189587156,2.638496126,4.376654208,0,1
2.424259255,1.468412176,2.982733479,0,1.890525771,0.764767139,2.938588775,2.472221929,1.163551,2.057546685,2.460973923,1.319822914,1.101511515,2.383067565,1.840491796,3.078814151,2.445010318,0.461852263,4.260980243,2.837322337,0,1
0.074656655,1.784589814,3.937316844,0.182357999,2.859020786,2.351659003,2.364964293,1.62733108,1.559571143,1.292428699,2.942998956,1.323092166,0,1.720651957,2.505968233,2.9920572,1.885048055,0,2.976755875,4.62643939,0,1
1.266790051,0.735905284,4.536219559,0,2.742065693,0,4.583192377,1.328402563,0,4.249645522,3.013713044,0.827483402,2.626672286,0,1.896886343,0.236214772,2.288179576,0,3.981107742,1.937645891,0,1
1.079067654,0.516332532,5.669002289,5.007158769,2.168874278,3.181303103,0.793243025,0.335730579,1.851453424,1.088674576,2.428540622,3.624394922,2.941066309,0,0.054891031,2.533088954,3.038896508,0,3.76595592,2.246725778,0,1
4.802255096,0.311207781,5.244954845,0,1.186584585,0.508471046,0.258640564,3.417359119,0,0.518430082,0.372519806,2.16915321,2.131065564,1.763392077,2.08575376,1.061356338,1.70378834,0,4.010310451,2.834465135,0,1
0.517716853,0.668585263,5.126295934,0,2.377366816,0,0,4.10226454,1.391732795,0,2.574801505,0,1.959293583,1.955186656,2.454152854,1.91260304,4.003369539,0.186926493,0,2.314582953,0,1
0,3.835231763,3.762904582,0,3.931052052,1.142715657,4.332158949,3.797801604,0,0.566285275,1.622434429,1.065584579,3.088874143,1.828354159,2.76781383,0,3.386584523,0,3.28600521,1.965644145,0,1
1.717594988,0.418499464,0,0,2.99990031,0,3.192569534,1.264824605,0,3.255634233,2.561906472,2.011719547,2.531749231,2.092013502,2.342975305,0.808034838,0.069410442,0,3.515179518,0.561452509,0,1
3.566197275,0.966305648,4.085649765,0.35182162,2.465898095,2.920651233,3.532234416,1.338810464,2.821235321,2.700365806,2.491834706,1.395823751,2.215915755,1.783635291,1.900282929,0,2.687170685,1.355256745,3.421838665,2.6454132,0,1
0.0722941,0.676657704,4.96045567,0,2.219204402,0.645406399,0.104281065,1.19932197,0.152377063,0.576315592,2.073786947,0.438540279,2.222734884,0,0,1.374093824,3.723086541,0,3.522207761,0.007434875,0,1
1.783900795,1.230136184,5.018006936,0,3.482782398,0,2.843364804,0.629987248,0,0.513043604,1.46265096,3.350230991,0.22631619,1.622973656,1.721150916,0.414819148,3.306535143,0,3.279827388,2.727772378,0,1
1.602171704,0.16055821,3.697572245,0,1.620724741,0.016722695,0.478916025,0.646957946,1.685930875,2.523055281,2.013357459,3.659930224,2.58993994,2.087398199,1.775621702,3.458076952,1.874724457,0.044169331,2.995163525,1.503751411,0,1
0,2.012703234,2.444607794,0.476158219,2.094249267,0,2.884947805,1.270781872,3.268081293,1.28783431,2.924714798,2.408801538,2.501062696,1.046081125,2.015527395,3.419555582,0.611508771,0.364106334,3.890802624,0.83094676,0,1
1.263003479,0.114104531,5.163374522,0.004221742,4.070037095,3.000792882,4.521477754,1.054153704,0.31632181,4.588943413,2.693142951,1.664272912,1.745935531,3.496813931,2.605348214,2.189926577,3.781504537,0,3.583959049,2.698970337,0,1
1.268462138,1.688966065,4.584504592,0,0,1.499265451,2.736166861,0.328606084,0,0.455528234,2.723145535,1.44010553,1.516991517,1.51862785,1.74026329,1.544823152,2.534924031,0,0,1.973559249,0,1
1.104484097,0.412464622,5.826757791,5.181305401,1.932995278,1.618855889,3.965973661,1.396065524,0,0.680818642,2.283845814,4.376331651,2.898888702,3.471443833,0,0.91234945,3.181846691,0,3.944270835,2.849077043,0,1
4.319309423,0.370175632,3.513599762,1.486328829,3.692610063,1.879281834,2.98786661,0.997030892,0,4.387794937,3.001416189,2.659718134,2.556440391,1.689819671,2.345880946,0.459343928,3.034692355,0.732677888,3.187281128,3.639139141,0,1
1.167328301,1.2768853,4.313618777,0,2.625014058,0,4.577319477,0.707240158,1.327880686,0.412498673,2.641912296,0,3.206449661,1.938343208,0.623011472,1.612539498,2.674698168,0,3.503158359,4.840407645,0,1
2.211655026,2.360904239,4.229935159,0,4.079280993,0.929040702,4.81186591,1.10690833,0,0.91591986,2.372318264,0.022759813,2.997993382,3.693213725,2.144687698,0,1.126412875,0,3.431494992,1.579698257,0,1
0,2.044765476,4.888949549,0,3.444795354,0,2.626039919,0.859678815,0,0.78133442,2.367416049,1.561702074,2.56731586,1.929972853,2.2998832,0,3.452190688,0,3.479261113,4.015238443,0,1
0.506647482,0.833039589,4.509637697,0,1.687089462,0,3.700832023,0.516483269,0,1.234226013,2.234065699,1.714267771,2.983433847,3.155862508,2.489406869,0,3.204247067,0.130875686,3.25514767,3.109938031,0,1
0,0.75100994,5.578698398,0,0,0,2.988553905,2.704784909,0.837229318,1.850837203,2.141307156,3.067665125,2.728276631,2.782244488,2.957494368,0.955164328,2.960496547,0,2.954239555,4.534521205,0,1
0.770452232,0.328132716,5.67252596,0,2.88662561,0,3.387538441,0,0,2.18295956,2.113899661,1.4620426,2.651308337,2.013056683,2.343968708,1.416043364,0,0,0.960828153,3.355349057,0,1
0,0.083927055,3.542249668,0,3.447992707,0.969080212,2.303685493,1.286262871,1.386539274,0.593894595,1.766680022,1.871927487,0,0,2.468429207,1.346714206,3.181569431,0.153847276,3.156141212,4.097576628,0,1
1.961476249,0,2.497824489,3.359746672,2.557077167,0,3.325448395,0.745461018,1.145707713,1.751690695,1.917812032,1.575224319,2.825126329,3.585431678,1.71736374,1.58971979,1.897453616,0,0.024127302,2.021099458,0,1
0.28798139,0.813324917,4.298183423,0.51638751,2.447267569,3.249396957,3.688931009,1.297284748,1.054307734,1.966039183,1.913992054,1.962025875,3.370821366,3.623394129,2.382038469,0.587072564,2.325130057,0,3.314900591,2.304503879,0,1
0,0.234225055,5.349512974,0,0,0,3.157627876,0.491083396,1.380855686,4.383381106,1.583364013,2.256060737,3.529469922,2.241830259,2.101151656,4.470311913,2.711034608,0,3.4192142,4.887771528,0,1
0.527694986,1.632557141,5.374335444,0,4.026358183,1.357110725,2.783887836,1.102069045,0,1.06979555,2.216206774,2.230725958,1.697011739,3.786057813,1.918960903,1.734052898,3.536640363,0,3.340946386,0,0,1
5.267272718,0.797037758,5.14605984,0,2.463051966,0.902113253,3.125409797,0.716244431,2.490692681,0.395753771,2.457082615,2.572173987,0.419622867,0,2.591977089,1.765952535,0.526214087,0,3.149271588,0.049706083,0,1
0.199071047,4.115208331,4.446668428,0,2.878034129,0,3.904916942,1.784380435,0.879147677,1.165390008,2.186968238,3.876615755,3.330304706,1.797215576,1.355327003,1.401200945,2.872221729,0,3.78487491,3.396635604,0,1
4.679279884,3.648181492,2.799222368,0.143700231,3.575847551,0.645398958,2.559049793,2.348937924,0,1.942079872,0,3.27441908,3.449573433,1.910417681,1.971750001,0.136569039,3.709443959,0,4.104006955,1.537119706,0,1
1.94646104,0.430866237,0.214767029,0,3.457641488,0.376627786,0.215210332,0.517945441,1.209859126,0.34910835,2.011429318,2.068356316,0,2.662981264,2.511760467,4.303664533,2.685402821,0,0,2.612396424,0,1
0,1.432508528,0,0,1.919262161,0,2.792462101,2.759185506,1.125025742,1.038863959,1.699019988,2.691190443,2.67419832,1.974329736,2.205618209,0,2.716180063,0,3.802442,2.165374582,0,1
1.977102614,0.79425913,3.597922209,0,2.518365226,0,0.773447936,0.896226029,0.714582368,0.263386102,3.240201111,2.591468876,2.192990076,1.423562395,2.102116797,2.905953078,3.515378648,0,3.516866918,5.106044885,0,1
0,0,4.30076368,0,1.366029288,0,2.110901496,1.312731119,3.829939277,0.756705938,2.829967669,3.857674157,2.776536224,2.361784136,2.412038738,0,3.361758207,0,3.36112009,1.951999009,0,1
0,1.344805804,4.077511922,0,2.439982663,4.346749637,4.137641969,0.998267388,0.904594532,2.352814966,2.313634397,1.786269468,2.415532407,3.427125381,2.302950133,1.426118735,2.807232826,1.349991046,3.204645589,4.564594535,0,1
2.639370836,1.232970895,5.501639863,0,2.62933633,0.298998409,2.990667447,1.197499613,0.602539522,0.959251877,0.944850903,2.020941578,2.654770211,1.243640059,1.791759289,1.303606925,3.757016614,0.703126054,3.254522722,0,0,1
1.319642686,0.69527492,2.06220909,1.028247685,4.222597004,0,3.767379852,3.236475833,0,1.442795303,2.913043506,1.880567022,0,0,2.636868989,0.848629543,3.657880011,2.018306165,4.029185348,4.601451473,0,1
0.052074896,0.87770825,5.181453592,0,3.841265717,0,3.261106144,2.346218767,1.388515739,1.698639632,2.170543106,2.563241503,3.036157907,1.891290423,1.594454307,2.695721967,2.338054324,0,3.771009616,1.945202074,0,1
1.195958673,0.612155154,5.511199703,0,2.529903408,0.56759864,3.979161861,1.715783479,1.456701132,0.668080582,2.339415948,2.952811161,1.153547321,2.475151034,2.897407425,0.199365387,2.67611739,0,2.876603979,2.392338941,0,1
0,3.048369035,0,0,3.053903474,0,4.360152285,1.0428675,2.711893503,0.217566095,1.968047107,4.276009061,2.634223075,3.610023898,2.213037013,2.403940614,1.765942665,0,2.856214869,2.667957661,0,1
1.495076653,0,2.480665595,0,1.941724943,1.063110314,4.48547956,0.098694415,0,0.278566017,2.877495048,3.78710058,3.552726974,1.850484848,1.118251136,0.286184991,4.003464459,0,2.801891785,2.740605486,0,1
0,2.016000955,4.863560372,0,3.102661807,0,2.639949407,2.803430087,1.529124703,0.741413447,3.367423217,2.319949091,0.777713746,3.708103279,2.360119081,0.277013103,3.115447171,0,3.882869973,4.566570145,0,1
0,0.57985482,3.775369678,0.519560726,0,2.40431739,0,0.39238078,1.438918463,2.475851728,0,2.106293184,3.194159278,2.122597529,2.514668935,2.153666995,3.413140088,0,3.58997434,3.163716465,0,1
1.39710693,0.182573839,3.615818327,0,3.989045586,0.960365284,2.340454677,2.361503246,1.107478328,1.437744731,2.040693,0,3.089270122,3.652746941,1.686724584,1.372098883,2.447844727,0,3.546996857,3.107922628,0,1
0,4.003946028,3.708594789,0,3.008138314,0.430184161,3.735850156,3.714706213,0.888866381,4.052318716,2.159377318,1.918051168,3.179794248,3.793669401,0.196493146,0.813590367,2.651478295,2.41691983,3.538315217,3.287237418,0,1
2.253975828,1.771805992,4.297204574,0,1.911352972,2.839605063,2.854748727,1.088318797,1.729593876,4.360446097,3.192477262,2.381909904,0,1.894947312,0.309172339,0.997556983,2.410977402,0,3.913936998,5.040123073,0,1
0.596052977,1.3266788,4.101550991,0,2.878382975,0.711231089,1.982474029,0,3.166864234,1.462115974,3.549678182,3.631626288,3.350521255,2.945876867,1.439785835,1.264616534,2.541260972,0,4.130733811,0.994971525,0,1
0,0.646388501,4.368497266,0,0.761666911,0,2.535835903,1.431972565,1.541550331,1.65663642,2.232509328,3.324644501,3.739581845,3.350330598,2.59021435,2.962209419,1.689715503,2.576537598,3.692057692,2.305304034,0,1
4.389916245,1.360163292,3.98736507,0,1.737808803,3.172549179,1.930834849,2.37673031,1.016474897,0.105736418,1.435921408,2.498041279,3.142591616,2.321167445,2.576194792,0.360778847,2.795209627,0,3.575508519,1.067431362,0,1
0.49444761,0.381504237,4.912149124,0,2.494732408,0,3.206196487,3.887745903,0,0.800744091,3.06673732,1.242635736,0.96389517,1.801453031,2.110934039,0.0563169,3.534721104,0.085080054,3.256265832,4.575383825,0,1
0,0.209117809,4.014207627,0,3.549043097,0,3.952124459,0.208293112,2.138282487,0.58362119,0.339090354,2.338815813,3.144732291,2.842638542,2.669101307,1.683095873,1.820629627,0,0,0.321161794,0,1
1.634058159,1.301801274,4.271154326,0,3.733181876,0.496063191,2.443354494,3.32561071,0,0.696480281,2.112948757,3.829667655,1.444553998,1.170501908,1.339625013,2.07061768,1.840021501,0,2.760025315,2.864834693,0,1
1.484737953,1.294266079,3.452584636,1.028724306,2.549060471,0,4.160318325,4.838897677,1.430209826,0.576021835,1.960261461,1.773384137,3.177511488,3.27665325,0.809184065,0.917172185,2.579804299,0.506816307,3.988887927,1.721272285,0,1
0,0,4.947716908,0,1.849403819,0,4.657693676,3.741279215,3.275989269,1.685214694,2.157594498,2.26649128,2.925047478,2.095281275,2.153894797,1.539575523,3.821596625,2.657928678,4.02116488,3.803304281,0,1
1.855869438,0.147291273,4.013097964,0,3.154226199,0.810564888,4.340969795,0.604865162,1.521543973,0.896022596,1.955173914,1.600848698,2.858305812,0,2.789945427,0,3.222364283,1.792833476,2.88141169,2.942270947,0,1
0.544353374,0.849518398,5.481016796,1.053265211,2.75759931,0.756138231,0.971637615,1.192352898,0,0.898653729,2.24035968,1.986874293,3.597443417,1.216736721,1.818813225,1.468958911,2.900893875,0,0.974457901,1.890309953,0,1
1.7575778,0.09427742,3.887834447,0,2.648417431,2.719350413,2.214017401,0.493809135,1.429841218,2.158590224,1.826866656,3.568027949,1.075593649,1.960709485,2.819360432,0,3.074968847,1.44313466,3.835325394,2.435297562,0,1
0,0.441399873,3.142686046,0,2.460691962,0.618867561,2.810238843,4.010362304,2.11869072,0.428507061,2.345838052,1.090049397,0,3.105580902,2.551405871,1.417011066,3.029115006,0.582927155,3.569977616,1.875931131,0,1
1.79958888,3.524397864,0,0,3.808579934,3.516677621,3.680205246,0.78612716,0.727567171,1.220249114,2.527499437,0,2.585299129,1.819999672,3.016947296,0.261807169,2.69281661,0,3.678738232,4.946424893,0,1
1.250076561,0.127957576,5.668109524,0,0,2.395402971,3.03376908,4.414741207,1.211561184,3.768532668,2.262571173,2.301245838,3.259859727,3.058834195,1.762789833,0.780479632,2.445683885,0,3.447637223,4.282561546,0,1
0.997868145,0.975269319,3.122985578,0,3.353412394,0,3.077723322,0.904766233,0,0.720924696,1.637191539,1.059366016,2.566845945,2.185659295,0.736941618,1.305459115,1.036402116,0,3.390820607,1.146541175,0,1
1.266915997,2.707166706,5.39460572,4.677833178,3.811069204,0,2.860137512,4.314739696,0,1.483820431,2.267696353,2.159144602,2.698698214,1.182553023,1.408204045,1.497067363,1.739523421,1.390998189,3.569733256,3.916680945,0,1
4.363889586,0.653571415,4.475395533,0,2.435230902,0.193875247,3.487853717,1.913363008,0,0.859713207,2.597276521,0.286381768,2.885810088,1.563004607,1.244473252,4.189636539,1.945523939,0,2.921744635,3.212522502,0,1
1.265678177,1.913341715,3.670618124,0,0,0.331954646,2.425391509,1.030221391,1.247341932,3.144321924,1.733134301,2.920888871,2.260160723,1.852245151,1.780805133,2.882675912,2.977984246,0,4.069693142,4.71303531,0,1
0,1.431005541,4.981097372,0,2.750067391,0,2.509939277,1.599001526,0.55558133,0.837034312,2.625009658,2.124110812,2.780587663,1.896587081,2.477535581,1.427551078,2.937373635,0,3.217947942,4.699257335,0,1
1.236836927,0.899709641,5.512966604,0,2.528906809,0.207753484,3.209373161,2.413781092,0,2.106494988,3.331988157,2.174461959,2.618517535,3.746584573,2.234468027,0.520259437,1.970167482,0,0.958127672,1.368645818,0,1
1.134223457,0.30688256,1.229378234,5.395328733,1.900496662,0,3.926216625,0.16831593,1.533297815,1.535746949,2.614860589,1.493883388,2.072259961,2.770039244,2.306015294,0,3.061441267,0,4.117051545,0.59562043,0,1
0,1.257643631,2.570920467,0.085049289,3.718357976,2.658521231,4.234894268,1.167700601,2.964921477,2.06347841,0.694570413,2.262054964,1.486555036,2.131998187,1.764785434,1.625755892,4.491457196,0.505122927,3.535425814,3.277471748,0,1
1.252186758,1.47366098,3.624317753,4.731122788,2.854385776,0,3.415526159,0.229548548,0,1.649402545,2.796811655,2.653573798,2.836743176,0,0.837649259,0,3.124572411,0,3.520593307,1.732745899,0,1
0,0.158652292,3.714794709,0,2.238962567,0.145905992,3.920155983,3.53093318,0.990640587,2.125683532,2.33019437,4.284221793,2.691744629,1.705302559,2.056906085,1.764975752,1.562019174,0,3.118858493,2.064811565,0,1
1.398155919,3.750716302,4.74416341,0,3.431545252,1.775252785,0.340119255,3.527656943,0,1.922219189,1.688390817,2.205363725,3.221050671,3.897306463,2.455301952,2.115840756,1.805602898,0,3.428872445,2.481206297,0,1
1.728563474,0.338952497,4.087674522,0,2.704370007,2.636464633,4.604491759,0.418676185,0,1.070801174,2.441670481,2.36090695,0,1.686972252,1.687109823,1.838843118,3.404195649,0.202108259,0,1.010641144,0,1
1.202009852,2.288310131,3.256839437,0,2.051840305,1.461234671,3.74821013,0.018232402,0,4.396838915,2.370903678,3.215081947,2.978596863,3.385412944,2.412213086,1.064566268,3.490726639,0,3.396853625,1.026451426,0,1
1.03962719,0.576227922,5.535854839,0,2.225261893,0,2.260550061,1.664478758,0.961247362,0.754275064,2.396774306,1.594823059,3.391787806,0,1.169985535,2.194981389,1.673361601,0,3.853297487,2.545089149,0,1
1.979324874,2.663974326,4.39166424,1.094261519,3.781527298,2.934624264,2.851618428,0.278977022,0.802737305,1.90559901,1.975335939,2.64864605,1.554922537,2.081580961,1.873865818,4.964827041,4.169955964,0,3.931458318,1.82419861,0,1
0.36168272,1.83101887,4.258784223,0,2.620669885,0,2.922670052,0.235622191,1.463524493,3.20179032,2.306670953,1.99523912,1.773057732,2.337790703,1.980807642,0.670670634,2.609932476,0,3.974278066,2.58662019,0,1
0,1.13380046,0,0,3.543940833,0,2.148716377,1.828257895,0,1.382057369,1.733595853,3.452185235,3.52419053,3.946849701,2.561597166,0.625721918,2.543759687,0,3.802484842,2.34859691,1,0
0.918413701,1.844873845,3.612919157,0,2.216344281,0,0,1.583913335,3.357519538,1.509778168,0,3.522979598,1.605953809,2.487235528,2.400076994,0.985865223,1.546346223,2.218230874,3.643383907,2.407198589,1,0
1.839938603,0.104052383,4.154637544,0,1.625281665,0,2.663118427,0.38927465,1.389823748,1.604535879,3.247643241,2.828484449,1.992368774,3.298862547,2.556487471,3.879500772,3.858634798,0,4.001874902,3.075152596,1,0
1.760869572,0.194642139,4.08239565,0,3.893582266,0,2.937657768,0.710365099,0,2.294099952,2.514235026,3.187423145,3.427931594,0,1.677055051,2.1497419,4.269100972,0,3.724032082,2.742793773,1,0
0,0.172182706,0,0,3.914633123,0,2.059530142,1.769835546,0,1.037995772,2.712897395,2.539243429,3.31242804,2.068550659,2.222327245,1.04721621,3.572031678,2.137301029,3.038886383,3.644095892,1,0
0.525016577,0.061300702,3.350888933,0,3.579482252,2.311178437,3.04414628,1.464658922,0,0.566188978,1.870254115,2.091578473,3.45027941,3.053324519,2.73652841,0.481872728,3.877530794,2.912696181,3.215577002,4.528637688,1,0
1.400091935,1.536946945,5.083205206,0,2.012508358,0,3.897774122,0.776540357,1.08304229,1.332462333,1.30361995,2.354600199,1.987669978,1.875587894,2.908242492,0.885636946,3.738092464,0,3.512081203,3.190149803,1,0
0.765889962,0.685885405,1.018198941,0,3.844395851,0,4.73360432,1.57918913,0,1.500057872,0.979116651,1.378656739,2.966846083,2.389176968,1.724332644,0.518127,1.231351694,0,4.037763703,4.143439783,1,0
0.86414596,0.779037689,3.519246401,0,2.12294841,0.972281389,2.289011319,1.951923098,1.939129021,1.708170213,2.43694175,3.221953852,2.486484465,1.949737096,2.294608688,0.41525956,1.10284602,0,3.976679903,2.307331659,1,0
0,2.388409149,4.230343676,0,2.780372614,2.108633093,0,1.334482057,0,0.69886736,2.645435355,3.380630086,1.379106688,1.964015696,1.344675126,1.268998565,2.78125193,0,2.966320085,2.861596237,1,0
4.120696964,0.530216121,5.287378294,0,2.713870547,0,2.524015464,2.7624264,2.305438235,1.907615404,2.698744914,2.205047373,2.233341159,3.004822735,1.774249382,1.378662033,2.797645084,0.182722773,3.90244462,2.534544338,0,1
0,0.571887238,3.737771304,0,3.583332485,0,3.072668048,0.344735123,0.891025389,0.971777752,2.503979613,2.805878838,2.268222679,2.043846971,1.512294194,3.351609047,3.792915177,0,4.079940972,3.098040291,0,1
0.940263141,0.312369553,5.351569678,0,4.088142232,1.394262606,4.619321774,4.34654283,0,0.818369271,2.46357945,2.937759317,3.186610369,3.121670258,2.567192548,1.483373841,1.710267934,0,0,3.214884374,0,1
0,1.445935689,4.153245731,4.017915916,1.694170821,1.067783967,2.05242327,1.706122465,2.494011932,1.504030447,2.868355113,2.788936377,3.459845139,1.563156353,2.878551501,4.244737169,2.741757662,2.152262392,3.272530789,1.430429233,0,1
0.75897405,1.076896179,4.16920068,0.273998893,2.713052783,0,2.715818064,1.12942333,1.215299981,0.85499877,0.200877044,2.944856978,0,1.985794287,2.499169406,0.524496183,0.677481335,0,3.643866988,2.363663241,0,1
1.395713377,0.32881183,5.12282679,0.710004149,2.668470894,0,2.558617648,0.724354293,0,1.001529473,2.427046808,3.141280912,1.460288777,3.717553986,2.494735252,1.774634336,2.721465968,0,3.820764755,4.35802324,0,1
0.115431612,3.745956877,4.565251931,0,3.634405928,3.352539287,1.83714123,1.071821063,0,0.799093229,2.257967699,2.290466292,1.309957574,3.812917796,1.675027489,1.156703759,2.119949778,0.003520224,3.801104433,2.87437008,0,1
1.205293666,1.592403725,5.149422033,3.038900825,3.108279708,0.359276996,3.004024265,0.804177268,0,1.261612088,2.694844025,2.469586041,3.03758336,1.700239886,2.250650514,0.562128166,2.451666017,0,3.625430215,2.853105261,0,1
2.219323429,0.500382496,5.751934035,0,3.172716725,0.77936459,3.465733398,2.180314981,3.20654409,0.913493772,2.500509317,2.185696945,2.429736495,2.239843541,2.081415964,2.064102624,3.02551491,0,2.896986355,3.720774864,0,1
1.525438059,0.026304413,5.701727038,0,3.691706831,0.461122719,2.914408344,1.358297925,1.228712173,0.52986468,1.623785901,3.665574725,2.77135834,1.64205883,1.912504391,0,1.371257558,0,3.398631099,0.348029279,0,1
0.148555793,0.961049129,4.187659624,0,3.59929138,0.235873511,3.063703733,1.019891864,0.825204631,0.774694138,2.565785368,2.838501927,2.644876187,1.161127593,1.994660023,0.57621183,3.101226502,0,1.41477208,2.022974986,0,1
4.893244215,0.731809077,3.612212649,0.139522167,2.207877395,0.240365529,2.899843604,3.088066879,1.116908045,4.749975538,2.977720642,2.954950956,3.427568288,2.006442675,2.215487965,3.207082931,3.532168896,2.32155692,0.500820972,2.384844382,0,1
1.934059205,0.250773439,3.770367859,0,3.509210363,0,3.477833672,1.760600541,3.607174979,2.657641309,2.150594216,4.584563093,1.244084038,2.113804464,0.025122509,2.565826713,2.94262555,0,3.877435688,2.617259788,0,1
1.15958889,3.644972866,5.222910146,0,2.655588812,0,0.150367048,0.422904421,0.959233879,0.715916364,1.979147978,2.248164449,2.960461151,1.902959088,1.44294804,2.322810288,1.665559928,2.646015878,3.041300859,2.428814182,0,1
1.753483275,0.14762564,4.405875756,0,2.104800147,0,2.877106642,0.530629811,1.035533813,3.380894822,2.625055805,3.338612557,0,3.882157981,1.042314788,1.433862357,1.977595542,0.018362621,3.644805459,3.826353479,0,1
1.636858608,0.754375713,3.481025339,0,0.442884441,0.092469888,3.942123841,0.35539108,0.833685143,0.768075636,1.755758688,1.929448479,2.099156121,0.90474406,2.016175152,0.567590282,2.525955487,0,4.012456658,0.889631489,0,1
0,2.487193479,5.502402873,0,3.840524961,0.496158132,3.553865591,1.49552105,1.003015639,1.231233598,1.996922713,2.388080359,2.476492344,1.974903461,2.299561113,1.164572553,3.811240873,0,3.768042925,2.104307788,0,1
0,0.622421547,3.84891571,0.642133637,3.147640933,1.080789515,3.289730291,4.508883244,0,1.423314727,0.684655612,2.321787371,1.358704343,0.487908525,2.484913412,0.273154061,0,0,4.075347097,2.580980021,0,1
4.595977876,0.993775942,4.346171597,0,3.070967251,0,2.084389082,1.784449111,0.643850407,1.853149426,1.289841012,2.029493738,2.547398274,3.271131301,2.589005237,0,2.960991055,0,0.229522986,4.611935025,0,1
0.753970224,0.745125692,4.73882068,0,3.994091909,0,2.823074694,0.990204646,3.357615001,1.909121335,2.279903545,3.154804153,3.093211191,1.670189659,0.920980058,1.223480451,3.802739913,0.009334022,3.504985642,0,0,1
0.519584723,0.466451537,4.426784568,0,2.599498342,0.360007259,2.519154447,0.679762115,0,0.796402694,1.735011727,2.462003833,0.452349108,0,2.640165483,0,3.938696169,0,3.731238663,3.513585521,0,1
0.72009459,0.547033583,2.393272286,0,3.313874541,0.55087283,1.912325074,2.006961943,1.42595413,4.301815819,2.669547498,3.301641403,1.678576715,3.499042083,2.120657068,4.599604012,0.813526347,1.056301426,0,4.675557812,0,1
2.528210335,2.742054243,4.612926563,0,3.523528218,1.406584905,3.342160217,2.374617385,0,2.178549579,1.32054371,1.130286343,2.133201915,1.70984087,2.34158383,1.518330096,2.492865672,0.450679246,2.975552945,4.760944308,0,1
1.84620853,0,5.407891363,0,2.182145903,3.659257826,2.383727621,0.830888197,1.226574115,0.242140727,1.348323144,2.122179482,2.278538638,1.876001701,1.259591238,0.906674466,1.620925846,1.06999785,3.36210435,2.311403325,0,1
1.634818568,1.068157493,5.010106239,0,1.200371438,0,4.49373787,3.955925028,0,0.576601268,2.354183528,3.455365434,2.818718242,2.637478054,1.926561036,1.158584286,1.899216514,0,4.272840578,4.891832132,0,1
1.749738539,0.64215674,3.942670796,1.212989501,2.97324394,0.7660137,3.813181979,0.736551945,0,4.42524117,1.120900121,2.645467824,2.964277146,1.199237214,1.462998289,0.790027743,3.547592795,0,4.032059584,1.978004977,0,1
1.234419384,1.094053747,4.191602496,0.500582436,2.583638742,2.700419873,3.505578009,1.162548317,0,0.575070193,2.203211781,2.037151392,2.332299237,2.683446256,1.303631515,0.030084886,2.834968342,0,4.004003637,2.258489082,0,1
2.010856206,1.813809113,4.399975023,0,2.243284294,2.803897392,2.771794259,0.360437605,0,1.564175401,2.728846804,1.402868185,3.659586342,0,3.142580134,1.543011373,4.077480525,0,3.701428673,2.768126367,0,1
1.604166143,2.485812056,3.926865441,0,3.433444646,0,2.647460288,3.424121252,1.658542596,2.334398197,1.710806469,0.248100257,0.905382217,2.39331391,2.482024779,3.348237213,3.246562884,0,3.327163882,4.199444158,0,1
0.722852135,0.539228521,3.131183426,0,3.116940724,0.028594105,2.881989892,1.084505083,0.948828963,0.615461758,2.054555004,3.195452996,1.974702562,3.008760801,2.540943365,0.270911834,2.486999049,0.226968974,3.666641668,2.631023413,0,1
0,3.801738929,4.067820766,4.746883359,0.606134963,3.222297679,3.450118264,0.53248103,0.918847036,1.289314176,1.835771582,0,3.710432195,2.271331861,2.289036857,0.840472804,2.297222645,0,3.451755091,2.21523572,0,1
1.244189661,0.936842729,4.978142301,0,1.467718513,0,3.272063257,1.425612638,0,1.629798008,2.614481422,2.644093881,3.973414245,1.98116848,2.403537344,0.006230114,0,0.368438554,3.607284026,1.9617225,0,1
0,1.328211364,4.285508803,0,2.725604156,0,3.700964027,0.92295797,1.819181001,1.746860707,2.659096401,1.923740539,2.569907504,2.654388193,2.549283539,3.857002857,0,0,3.665859062,3.95471667,0,1
0,0.228605326,3.397187468,0,3.106653772,0,2.488871129,1.030339252,1.197837098,0.528946709,2.619327331,1.406394112,3.330929579,1.174156601,2.260641664,0,2.333595439,0,2.979683324,2.251866982,0,1
2.201427322,0.441063319,3.665838095,0,3.549028762,1.098534307,2.857186919,0.896130967,0,1.496976316,1.655922679,1.420487412,2.056144217,4.042551417,1.733846928,1.924646265,2.51151567,1.828708695,3.454937768,4.265864302,0,1
1.034017708,2.675805917,2.950681665,0,0,0.276866453,3.926895995,1.647342668,0.965954465,4.776761652,2.344146514,1.109619667,2.251004519,3.006440022,0.000648777,4.260058584,2.00949648,0.574444848,4.228095177,1.789729672,0,1
2.425652421,1.189895087,3.568386068,0.086575941,3.915756666,0,2.785641368,3.268649678,1.714084438,1.178424712,2.541305704,0,2.45524643,3.381153769,2.780796278,1.11861483,2.914423858,0,0,3.043966165,0,1
3.294215334,1.003603604,3.212829465,0,3.78852483,0,3.391444047,1.109476352,1.107430026,1.245634956,2.250647851,0.311241582,1.013953371,2.208268898,2.205678523,1.712144876,2.188254585,0,3.712502694,0,0,1
1.867910674,1.712501232,3.823726662,0,3.443893127,0.802303746,2.395337342,0.785405162,1.766112786,1.917022484,2.894897994,1.838400436,3.000454224,4.329746588,2.090067314,0.149177172,3.554629942,0.256157601,3.975082725,2.818412544,0,1
1.719367965,0.907348348,0,0,2.125602784,0.393492106,4.257688894,0.886623177,0,0.941764246,2.145414777,2.052964196,2.918767886,3.204271316,2.142026164,1.778363739,2.147228295,0,3.090806316,1.91939193,0,1
2.092385919,1.082058311,5.462038209,0.775035092,2.793096137,0.045591903,1.923955168,1.531050482,0.975499989,1.796801074,1.474322383,2.416380276,1.705566133,2.45375677,2.643170075,2.115630469,2.15149574,2.519585519,3.270624426,3.605097788,0,1
0.529975395,0.708802234,3.626035316,0,3.127538208,0.209003368,3.855541701,1.386073504,1.353767219,0.994196395,2.627293124,1.687820818,3.009657343,3.245705799,2.093615886,4.484087427,3.449095505,2.985699619,3.5984602,2.153224738,0,1
4.524216045,0.272998103,4.525182378,0,3.489123162,0,3.826743805,2.097976002,1.126861474,1.398331511,1.210619413,2.886905691,2.540395623,0.443814531,2.252328436,1.800985058,2.83805284,2.689004273,3.589713498,4.723358779,0,1
3.114258916,0.879071913,4.073944763,1.005794518,1.664463389,0,1.334071661,0.41659704,0,1.201606785,2.727823618,4.13371176,2.908110964,1.725846348,2.356288776,3.346448874,2.540319215,0.024478431,3.975182754,2.261825566,0,1
0.516080313,0.582392663,0.064847289,0,2.890300592,0,2.684327498,0.437321381,2.484755654,0.050722981,1.455162722,2.316303134,1.138083498,1.569901761,1.678057911,2.556682471,3.528931647,1.126874523,3.609925713,4.548127374,0,1
0.491782652,3.463101702,4.241020885,0,2.81491998,0,3.165520421,0.842601931,2.317022212,1.672601557,2.337039917,0,1.573708665,2.055536035,2.010158347,0.997251018,1.915591623,1.947723268,3.690855049,3.082253134,0,1
1.371713525,1.601246004,6.113891452,4.794490125,0.353629448,0.326499755,4.552409069,1.26376249,0,3.080484413,2.934431829,3.99302851,2.954931841,1.302138354,0.066827225,0.798366617,2.818135081,0.225067355,3.810717712,3.296541718,0,1
0.224694554,0.493889405,4.089847616,0,3.509082298,0,2.933527428,4.121265807,0,0.908507971,2.580311473,1.777031499,2.733415755,1.201999866,1.615857788,0.680097535,2.791204354,0,3.223509575,4.665579539,0,1
2.072622837,0.408128236,3.823204425,0,2.812461057,0,3.002888207,1.996941365,1.386150961,1.480397805,0.793470147,1.811625985,3.641936501,1.97517524,2.25389327,1.986149322,2.37904458,0.916009025,0.993150125,4.119232149,0,1
1.765326941,2.56845859,4.398579321,0.009721095,2.829305551,0,2.01118426,1.376755076,1.642890052,0.468839066,2.480186306,3.614591535,3.451584194,2.173281397,1.56983914,0.803058894,2.887668641,0,3.646305946,4.488297406,0,1
1.814335452,1.047773236,4.242173228,0.29894617,3.193102521,0,4.002450913,0.596240516,3.868167228,0.018007586,2.426352073,3.754062974,1.11668501,1.128658499,0.918441665,3.135660203,3.221979126,0,3.551418857,3.974894463,0,1
0.436697071,1.196692452,4.9845604,0,3.30420635,0,2.920144039,1.171133622,0.993583638,0.652330412,2.617202647,3.7984044,1.67070045,2.708107616,3.159330504,0.918072857,4.169688411,0,3.663437107,2.624872551,0,1
1.604981065,3.067314948,3.597750942,0.181411006,2.181643911,0,2.539474193,1.558776761,1.377093494,1.31718216,1.604239842,3.422188306,1.04751451,1.572121953,1.689616624,3.446114624,2.702835784,1.803596423,3.649671308,4.532227243,0,1
0.829835091,0.514779947,3.210688786,0,3.44707437,0.748869629,3.042405697,3.072608355,1.322990716,2.193335359,1.698219777,1.914187505,2.188479643,0.904653139,0.370430225,1.001491062,2.742313894,0,3.197680125,3.589752507,0,1
1.102576717,2.827346437,4.575358616,0,2.634853449,0,3.497711399,1.935173399,0.764642425,0.824826525,2.719690891,3.603679415,2.867059339,3.024415683,2.272208349,1.601522463,3.61131569,0,3.061091203,4.37566378,0,1
2.71095236,0.626905721,4.047267569,5.633729054,3.866008585,0.725784474,2.542878897,1.229679995,0.541390378,0.665864776,1.811957355,1.330832667,2.914701297,1.666600303,2.107906664,0.461543753,1.973324415,0,4.099818006,2.81259014,0,1
1.320044975,1.063489899,5.798545145,0,1.911072421,0.648548298,2.783671329,1.201170543,1.717008096,1.370252043,2.34834698,1.902300666,3.012194429,2.200155822,2.386006716,0.196764093,4.124360235,0,3.8501014,2.545054173,0,1
